color,product_id,rating,size,text,timestamp
BLACK,8453801,5,XL,NiceCuteGood quality,1678594023
BLACK,8453801,5,XXL,#The fabric feels great##Received the item on time##Looks exaclty like the pictures##True to size and fits well#,1675981574
BLACK,8453801,5,M,"Cute, my daughter loved it",1670908767
BLACK,8453801,5,L,NiceCuteReceived it on timeGood quality,1669414341
multicolor,8455774,5,2XL,NiceCuteReceived it on timeSatisfactory Customer ServiceGood quality,1673709920
LIGHT GRAY,8453010,5,XL,Good qualityNiceit was a gift for my partner and he loved it and it fit just right,1682276026
LIGHT GRAY,8453010,5,M,Received it on time. But it was bigger than I expected,1677581905
DARK GRAY,7704360,5,2XL,Received it on time Good quality Cute Nice,1674128383
DARK GRAY,7704360,5,L,really like the asymmetrical design,1572000361
multicolor,8458643,5,M,when we first ordered it this item was out of stock - we waited patiently for it to arrive & we weren't disappointed. comfortable/cosy jumper.,1667425544
multicolor,8458643,5,2XL,CuteNice,1673132637
multicolor,8458643,5,L,#very warm according to my son# #thinner fabric than I expected# #looks great# # he's happy#,1673129326
multicolor,8458643,5,L,My son likes it. Light and great for around the house or summer time.,1672711812
multicolor,8458643,5,S,NiceCuteReceived it on timeGood qualitySatisfactory Customer ServiceNot what I expected,1669517729
ARMY GREEN,7838964,5,M,Received it on time. Nice. I love this piece,1677581936
multicolor,8352483,4,L,"Nice, Received it on time, Good quality,Satisfactory Customer Service",1675410887
LIGHT COFFEE,8352502,5,L,The hoodie is really nice and the fabric is soft and pleasant. The print quality is amazing! My husband loves it.,1654443606
BLACK,8460020,5,L,"I absolutely love love love this sweater! even my husband loves it and wanted me to order a second one for him! maybe he is just super obsessed with our cat, Samantha, but either way this item was a total game changer",1673588825
BLACK,8460020,5,XL,"Good quality, my boyfriend loves it",1670643675
DARK GRAY,8460020,5,L,"Good quality, my Boyfriend loved it !",1668930940
multicolor,8352475,5,S,Nice Cute Received it on timeparfait exactement ce que j'attendais,1617225318
RED,8191569,5,L,Love,1605829206
BLACK,8198457,5,2XL,Nice,1638082416
BLACK,8198457,5,M,Very stylish!,1579931006
BROWN BEAR,8198457,5,M,Very unique.  Fits well,1579930922
WHITE,8198595,5,M,NiceCuteReceived it on timeSatisfactory Customer ServiceGood quality,1673710000
WHITE,8199852,5,M,Great,1621731553
BLACK,3177689,5,L,Good quality,1561939342
LAVA RED,3208263,5,XL,Received it on time Satisfactory Customer Service Good quality Cute,1616683467
LAVA RED,3208263,5,L,well... you know I am a blood lover! lol the tongue makes it look like a vampire is about to like my boob but I still find it funny and crazy,1606349996
LAVA RED,3208263,5,XL,it's a good fit and the design is awesome and badass,1572718620
LAVA RED,3208263,5,L,I paid for this sweater and it never came in the mail,1538440859
multicolor,8154181,5,L,NiceGood quality love this sweatshirt. Wear it all the time,1623530662
MIDNIGHT BLUE,4577470,5,2XL,very small,1641772110
multicolor,3286549,5,L,"#True to size and fits well##Looks exaclty like the pictures##Good quality, great buy!##The fabric feels great##Received the item on time#",1668001649
multicolor,3286549,5,L,Good quality,1603086451
BLACK,3286563,5,M,Super fun print and very comfortable. I wasn't expecting the print to be on the front and the back and the material isn't what I was expecting for a hoodie. I am pleased non the less!,1602557496
YELLOW,2284583,5,2XL,great graphics soft comfy.,1573839193
YELLOW,2284583,5,XL,Satisfactory Customer Service great I love it,1560715350
YELLOW,2284583,5,3XL,thanks,1542557701
YELLOW,2284583,5,M,Love love love this sweater I‚Äôd recommend jus buy one size up,1535057644
GRAY,1726231,5,S,"Looks exactly like the picture, it is very cozy, thick and perfect for a cold winter. I recommand it!",1671015284
GRAY,1726231,5,M,good pruduct,1565857432
GRAY,1726227,5,XL,NiceReceived it on timeGood qualitySatisfactory Customer Service,1677410729
multicolor,4577473,5,M,very small,1641772100
multicolor,4577473,5,2XL,nice and comfy,1577155156
BLACK,969334,4,XL,"It's an alright hoodie. Fits well, is comfortable, and I like the look. THe hood is just a bit too small, but it's all good if you wear it fashionably",1492399971
ORANGE,1612561,5,XL,"vibrant colours and comfy, what more could you ask for",1678914642
ORANGE,1612561,5,2XL,NiceCuteMy favorite design üôÇ‚ù§Ô∏è‚Äçüî•‚úåüèª,1630048718
RED,2216677,5,XL,Received it on timeGood quality,1682782487
BLACK,2216677,5,M,This hoodie is super sharp looking and is very warm.  One of my favorite purchases so far.,1636843015
BLACK,2216677,5,M,Cute,1626344228
GRAY/RED,2816182,5,XL,Received it on timeGood quality,1626669740
GRAY/RED,2816182,4,L,not as thick as I thought it would be more like a long sleeve shirt! is comfy tho!,1591391377
GRAY/RED,2816182,5,XL,this shirt is a nice fit. bought it for my husband. he didnt like it online but wears it frequently it looks good. well made simple shirt.,1574979830
GRAY/RED,2816182,5,XL,really nice!,1573898323
RED,2696745,5,L,"My favorite,",1579955546
COLORMIX,2764755,5,L,Nice,1643658339
COLORMIX,2764755,5,XL,I thought it would be thick like a hoodie but it's still great.,1577043452
COLORMIX,2764755,5,XL,bestie that i bought this for adores it and always thanks me bc he says it comfy and It just looks good on him with anything he wears shorts pants dressy or casual it's an a+,1576981375
BLACK,3383597,5,L,"Received it on time.  I had to get a large because medium wasn't available,  but the piece looks just fine",1677582020
BLACK,3383597,5,M,Perfect!,1590091493
MEDIUM SEA GREEN,4664183,5,M,Jolie amusant mais chaud et fantastique comme chaque achat,1641131448
MEDIUM SEA GREEN,4664183,5,XL,"Great fun for christmas party, nice and comfy for night out",1622479984
MEDIUM SEA GREEN,4664183,5,M,Purchased for the three boys in my family and they absolutely loved em.,1612916804
MEDIUM SEA GREEN,4664183,5,M,Son is so I in love with it. He‚Äôs been wearing it for a week straight now which includes sleeping in it.,1609848934
MEDIUM SEA GREEN,4664183,5,3XL,my brother's favorite jacket now,1597597789
,4757543,5,,"Its a light, soft, and very comfortable hoodie",1537328938
DARK GRAY,4757543,5,M,"so GOOGÔºålots of compliments and friends and people ask where I get it and referral to this website,",1537082664
DARK GRAY,4757543,5,M,Very happy with this stylish hoodise. Also great customer service Satisfaction!,1536996131
DARK GRAY,4757543,5,M,"It was very good, my girl buy it for meÔºåi love itÔºÅ",1536736135
RED WINE,4757543,4,M,"Good quality. Looks exactly like the one in the pictures, it's warm and comfortable.",1543589227
KHAKI,4757543,5,M,good material and matching real size. Like photo and same fit. Would recommend it.,1543280334
DARK GRAY,4757543,5,S,The relation quality/price is very good and shipment fast. I'm very satisfied with the purchase.,1542611923
ARMY GREEN,4757543,5,2XL,"He said fits, comfy, warm.",1542357226
ARMY GREEN,4757543,5,XL,It came separate from my other orders but it showed up a few days later. Customer service was very helpful.,1545229956
RED WINE,4757543,5,2XL,Love the product and the process. Will order from them again!,1544903927
KHAKI,4757543,5,M,"Satisfactory Customer Service and Received it a day later! However, the product is really good, keeps me worm, it is heavy duty. It is excatly what I saw on the picture! Thanks!",1544656831
BLACK,4757543,5,L,"OMG!!! Awesome, quality is spot on, so very soft and warm! Absolutely love the pleats on the shoulders, they really stand out and are tre‚Äô  stylish. People this company rocks, I have never had a single issue, delivery are timely, mine average eight days from time of purchase and I live is the south USA. Attached picture is of the hoodie with my new shades and beanie , also part of this order",1544472645
ARMY GREEN,4757543,5,2XL,"Good quality, I had to exchange this for a larger size, it great and feels good. love it.",1549495309
ARMY GREEN,4757543,5,L,Good quality,1548886851
BEIGE,4757543,4,M,"It is a nice, warm hoodie and am loving it. The entire hoodie is perfect if you are on the long side.   I ordered the beige colored of size M. The color is as depicted on the original photo.  The size is bigger than expected especially with the shoulders as you can see on my photo's. My length is 1.80 meter andt it drapes a bit over the hands and legs. I placed my hand on my waist to give an indication. If you are not that wide I suggest on getting a size smaller. Which I will be doing as well.   This one I will be using as a chill outfit.",1547630162
KHAKI,4757543,5,S,Material is very good,1547570126
RED WINE,4757543,5,M,The pullover is a bit longer and ideal for larger people. It wears very well and you can wash it without any problems I was so to fireden I bought 2 more,1546007802
ARMY GREEN,4757543,5,M,Good fit,1545657093
RED WINE,4757543,5,2XL,Good quality,1545395754
BLACK,4757543,5,XL,Nice,1545229990
KHAKI,4757543,5,M,Good quality so nice hoodie!,1551088158
LIGHT GRAY,4757543,5,S,–•–æ—Ä–æ—à–µ–µ –∫–∞—á–µ—Å—Ç–≤–æ,1550221248
DARK GRAY,4757543,5,S,"Delivery: Was a bit anxious when I read multiple bad reviews regarding dresslily's reliability on trustpilot. Over half of the reviews were negative. Got even more nervous when the track 'n trace site could not find any other information but the hoodie leaving the warehouse. No information, multiple consecutive days in a row. Something about an ""unknown track"". But it got here, 10 days after the order was confirmed. That's even faster than expected. Also, because I did not spend more than ‚Ç¨22 (I got this hoodie for ‚Ç¨10 - ‚Ç¨11, and ‚Ç¨2 - ‚Ç¨3 shipping), no extra fees applied (importing stuff from outside of Europe will cost more; ‚Ç¨22 is the limit, I think?).  Quality: It's 5% cotton and 95% polyester. So even though the material is not that thick, it still keeps me warm. Wouldn't recommend working out in this hoodie, though; it doesn't really ""breathe"". It was not damaged, either during fabrication or transport.  I'm 193cm, or well over 6'3, and I got an S, which fits perfectly. So the measuring tables were accurate. Wouldn't know what giant would need XL then, but ok.  I'm very, very pleased. It is a great hoodie. Really glad I ordered it, since they seem to be out of stock at the time of writing this review.",1549898179
KHAKI,4757543,5,M,It's really comfortable. Very Nice nice product.,1549849007
KHAKI,4757543,5,XL,,1552476054
LIGHT GRAY,4757543,5,S,The texture of the fabric is amazing and the fit elaborates my muscle definition. Thumbs up!,1551857058
BEIGE,4757543,5,2XL,Much tighter than expected   And I got the 2XL,1551740942
BLACK,4757543,5,L,"Perfect. Just like everything else I order from this site!! Always happy, that‚Äôs why I continue to order from here. Just wish I could get what I order a little quicker, but other than that I never have any complaints, at all!!",1551128383
LIGHT GRAY,4757543,5,M,Love the way it fits!!,1554845159
ARMY GREEN,4757543,5,M,Sweet!!,1553683327
BLACK,4757543,5,M,Love it ,1553683312
RED WINE,4757543,5,M,Love it!!!,1553683285
VIOLA PURPLE,6111923,5,2XL,"This jacket is possibly the best thing I've bought! The quality is amazing.  I was worried it wouldn't fit cause it's a men's 2xl and I have a 49"" bust,  but it's perfect.  Zips all the way,  top to bottom.  But it's INCREDIBLY soft velour!  Just as soft & snuggly as my grand-puppy, pictured snuggled in the jacket!  It's designed for a baby,  but fits a small animal too. It's my puppy pocket! It's hot weather today but we just got a new air conditioner installed,  so it's chilly in our house.  n",1598247467
DARK GRAY,4757543,5,L,Was hesitant in ordering from a new site but everything went great. Material is soft and the look is really nice. Got a large and I‚Äôm about 6‚Äô0 medium build. I‚Äôll be ordering again.,1557574061
DARK GRAY,4757543,5,2XL,I ordered one for my husband . He is so satisfied with the product now buying more 2 of it .,1556576764
ARMY GREEN,4757543,5,2XL,my husband loves his.,1556496936
ARMY GREEN,4757543,5,XL,"Amazing product, fast stress free purchase. Super fast delivery. One very happy customer.",1555143369
,6580339,5,,"You know what is hard about reviewing this sweater. I am really need a holiday-type clothes for christmas. Is the pattern busy? Yes. It is Christmas colored? Yes. It is a nice, soft hoodie that will probably be worn for a while after the holiday season. It washes well and still looks nice.",1541327330
,6580339,5,,Nice product. Thank you,1541154627
BLACK,6580339,5,3XL,mine came in 1st & this is for my hubby. i love it. Quality is perfect.,1544833027
multicolor,6580339,5,M,Received it on time really happy   I'll be buying from them again,1544528009
,6580339,5,,I am happy I have this for Christmas parties to come.This hoodie was a total hit at every Christmas party I wore it to! I cannot tell you how many times I was asked where I got it from :-) I am happy I have this for Christmas parties to come!,1541500315
,6580339,5,,"I bought one for my husband, it's very fit for him and so christmas! We are really really love it!",1541413503
BLACK,6580339,5,XL,Perfect fit!,1575587658
COBALT BLUE,6580339,5,XL,Looks as pictured and fits as expected,1574119792
multicolor,6580339,5,2XL,Fits great and looks just like picture,1574119727
multicolor,6580339,5,L,Great little Hoody love the material will definitely buy again,1573550437
BLACK,6580339,5,M,Received it on time,1637842755
multicolor,6580339,5,L,NiceCuteReceived it on timeGood quality,1621284820
multicolor,6580339,5,L,bought for my husband and he we both love it,1607267179
SHAMROCK GREEN,6580339,5,3XL,Fits well :),1606294515
VIOLA PURPLE,6111923,5,2XL,Good quality,1628919603
VIOLA PURPLE,6111923,5,M,Nice and Cute,1628319883
VIOLA PURPLE,6111923,5,L,"I like that it can be used with the middle pocket, or as a normal hoodie. so soft too!",1606599919
VIOLA PURPLE,6111923,5,XL,"perfect for all occasions.  kitten loves it, so do our ferrets.  pouch is removable so you can were it out as well.",1606576586
BLACK,5436118,5,XL,"Very comfortable material, but the print was a bit more blurry than what I could tell from the photo.",1673538354
SHAMROCK GREEN,6580339,5,M,This hoodie was the talk of the office during the 2018 holiday season. Can‚Äôt wait to order another style for 2019.,1566298010
multicolor,6580339,5,L,Absolutely love it. Highly recommend.,1559551866
BLACK,6580339,5,L,Satisfactory Customer Service,1548139939
COBALT BLUE,6580339,5,3XL,"I was happy to get the item on time and there sizes are perfect when you use there information checklist you can't go wrong, that's always been a worrying issue for me when buying sized items online but no problems with Dreslily there measurements are 100% perfect to ratio, Thanks heaps guys.",1546373601
RED,6700365,5,2XL,"Nice ugly christmas sweater! I liked it so much I bought two- one red and one in green. It is good quality and well made with attention to little deatails. I like that the string holes for the hood are reinforced, as well as the kangroo pocket to keep your hands warm. It is very soft material too. It fits true to size as well. He cannot wait to wear it to his xmas party. I bought green for me and red for him. We are both super happy with our purchases.",1625594656
GREEN,6700365,5,XL,Nice ugly christmas sweater. Good quality and well made with attention to deatail. I like that the string holes for the hood are reinforced. As well as the kangroo pocket to keep your hands warm. It is very soft material too. It fits true to size as well. I cannot wait to wear it to xmas parties. I bought green for me and red for my bf. He loves his too.,1625594318
GREEN,6700365,5,M,Just what I wanted,1604366336
GREEN,6700365,5,2XL,"Amazing. Lightweight, festive enough to make my mom laugh on Christmas Eve,  and comfortable.",1579077174
GREEN,5082004,5,M,,1544268180
CADETBLUE,4757543,5,L,My husband loved it! Good material.,1567804817
ARMY GREEN,4757543,5,L,I really love it,1567077738
ARMY GREEN,4757543,5,S,Thank you,1565322594
CADETBLUE,4757543,5,M,I bought this for my boyfriend he loves it,1564493885
MEDIUM SEA GREEN,5475449,5,L,My boyfriend loved it and found the hoodie really soft and nice to wear!,1640060873
MEDIUM SEA GREEN,5475449,5,3XL,Received it on time,1640051087
OCEAN BLUE,5475449,5,M,my husband loves this hoodie - its made out of lycra type material nfits really well,1610039816
OCEAN BLUE,5475449,5,L,husband  loves this!,1571064004
RED WINE,4757543,5,S,Received it on time,1564449265
ARMY GREEN,4757543,5,S,Cute,1564448980
DARK GRAY,4757543,5,2XL,Fits great sizing chart was pretty accurate  came within a week didn‚Äôt have to wait long and was reasonably inexpensive,1564005509
ARMY GREEN,4757543,5,M,"The color is great, it's thinner that you think, but it is still very warm, all around a good purchase",1561217547
multicolor,5117641,5,XL,Looks exactly like the pictures but the sizing wasn't exactly like previous sweatshirts I've ordered. The material is a bit more stretchy and tighter.,1673538465
BLACK,4757543,5,2XL,Perfekt,1575149689
ARMY GREEN,4757543,5,M,I ordered this with the faux back pocket jogger pants with the idea of having an army green outfit. It came in the mail and I was happy to get it. Although the shades of green are off I can still make it work.,1574601197
LIGHT GRAY,4757543,5,M,The best hoodie I‚Äôve ever owned.,1573391582
DARK GRAY,4757543,5,XL,"Love the way this hoodie fits. It's built pretty well and has been complimented on several occasions, so much so, that I am going to be buying one in another color. Thanks!",1573267083
RED WINE,4757543,5,M,"Very warm, bf really liked it. It's also very soft and fits well.",1573247093
DARK GRAY,4757543,5,L,Perfect Fit,1573159830
ARMY GREEN,4757543,5,L,really nice material,1571751559
KHAKI,4757543,5,M,it's a cool topn,1571205429
KHAKI,4757543,5,2XL,"great quality, just what I expected",1571169569
ARMY GREEN,4757543,5,S,Sieht aus wie auf dem Foto!  Geiler Stoff !!,1569578778
RED WINE,4757543,5,S,so warm and  stylish,1568987097
DARK GRAY,4757543,5,M,happy with purchase.Thanks,1568290952
ARMY GREEN,4757543,5,S,One of my favorite hoodies.  Very warm also,1578824200
DARK GRAY,4757543,5,2XL,Arrived on time liked the fit,1576829919
CADETBLUE,4757543,5,M,Love the hoodie,1575860023
ARMY GREEN,4757543,5,2XL,Perfekt,1575149694
DARK GRAY,4757543,5,L,"#Looks exaclty like the pictures##Good quality, great buy!##Received the item on time##The fabric feels great#  Very nice, fits a bit small though and great material.",1658782980
DARK GRAY,4757543,5,2XL,NiceCuteReceived it on timeGood quality,1626892248
DARK GRAY,4757543,5,2XL,super soft and cozy material. nbeautiful colour and fit. i can only recommend it.,1616248583
DARK GRAY,4757543,5,2XL,Very nice and comfortable,1591492886
multicolor,7874539,5,2XL,NiceSatisfactory Customer ServiceReceived it on timeGood quality,1669273751
BLACK,8148177,4,XS,Fin mais bonne qualit√©. L√©ger pas du tout pr√©vu pour l'hiver. Taille large,1669463342
BLACK,8148177,5,XS,Feels amazing,1569355163
MOCHA,7942118,5,L,"Good quality. I love this shirt, my new favorite. It is incredibly comfortable and fits great.",1671030420
MOCHA,7942118,5,XL,"comfortable and right sweatshirt, colors faithful to the photo, very comfortable buttons, soft fabric and keeps the heat well, I like it very much",1598096659
MOCHA,7942118,5,XL,Amazing product. Buy it. Super warm and comfort that doesn't quit. good quality too.,1584862937
MOCHA,7942118,5,L,"so comfortable, true to size. nordered for my husband, fits well, good quality with nice material",1583379461
multicolor,8152629,5,XL,"great quality, material feels great and fits like the size I ordered",1574456250
multicolor,8155519,5,L,"#Good quality, great buy!##The fabric feels great#  bought for the hubby...he usually wears a medium and this JUST fit....",1668606067
CHESTNUT RED,8157900,5,L,Nice It's a Christmas gift üéÅ,1665264062
WHITE,8157900,5,2XL,Good value for money,1623065930
multicolor,8160292,5,2XL,perfect for my best friend!,1608777367
multicolor,8159266,5,XS,Received it on timeGood quality,1636993036
WHITE,8160053,5,L,"perfect, very beautiful",1568903942
RED,8160053,5,L,such a comfy pullover!,1569759774
RED,8160053,5,XL,I love it! It fits perfict and the design is amazing. defiantly worth the money,1569735305
RED,8160053,5,XL,"I used the measure chart and the size was perfect for me. The material is spantex and polyester. It's looks like the picture. The picture on this hoodie is good. The delivery arrived in 10 days, I'm from Germany.",1569668462
WHITE,8160053,4,M,The item arrived on time and the package was in a good state. The design of the hoodie is awesome however the material could have been better.,1569016704
multicolor A,8160053,5,2XL,clean ass hoodien,1571176644
WHITE,8160053,5,L,This hoodie looks amazing in real life. The perfect gift for a teenager,1571161268
RED,8160053,5,L,"Comfortable, keeps me warm, and it's the right size.",1570584382
WHITE,8160053,5,M,fucking amazballs fits perfect soooo soft absolutly in love,1570209242
multicolor,8164599,5,XL,Good quality my son luvs it very happy with it,1650407018
YELLOW,8161279,5,M,awesome üëå üëçüëçüíØüíØ,1603221105
RED,8160053,4,M,Really nice hoodie,1573000673
WHITE,8160053,5,L,Nice quality,1572973376
TEA GREEN,8160053,5,XL,"er ist sch√∂n,  aber du denkst es kommt ein ho odie mit",1572527964
multicolor A,8160053,5,S,It‚Äôs a little long on me but it does it‚Äôs job. Wish it would have been a little bit thicker,1572468627
WHITE,8160053,5,L,freind brought this through me he loves the texture and bold design.  he has had a few comments on its unusual design.,1574639334
RED,8160053,5,L,"My friend was happy and he likes the hoodie very much. The material is pleasant and quite warm, although the fabric is quite thin. Product matches the picture and the colors are nice.",1574461892
TEA GREEN,8160053,5,L,"awesome top, awesome material! brought it for my best friend, it came so fast and hes going to love it",1573179335
TEA GREEN,8160053,5,L,My son loves it. I wanted it to be extra roomy for him so I ordered it 2 sizes bigger.  It was a good thing I did. Good quality fabric and Great workmanship.,1573146106
multicolor A,8160053,4,M,"I originally was looking for something wolf-related for my wife as they are her go-to creature when it comes to the ones she appreciates the most in life, but I actually fell in love with this hoodie myself and couldn't afford not to get it. It fits well, it's comfortable and it feels good when I wear it. I like to think that the multicoloured aspect of it puts a smile on other people's faces, just as it does my own.",1589003570
WHITE,8160053,5,L,qualit√© prix c'eT ouf,1587910092
WHITE,8160053,5,2XL,I love this hoodie!,1586014748
multicolor A,8160053,5,L,Fits perfectly,1585971573
RED,8160053,5,L,Good quality,1585947250
WHITE,8160053,4,XL,My husband saw this hoodie and wanted it immediately. When it arrived the fabric was thinner than expected and has a shine to it. Not exactly what we expected but still ok.,1584666774
RED,8160053,5,XL,Love it! Wear it all the time.,1584651014
WHITE,8160053,5,M,So nice .. thanks ‚ù§Ô∏è‚ù§Ô∏è,1579093882
RED,8160053,5,L,"Really comfortable, great quality. Smooth.",1599456305
,8160053,5,,I was surprised by the quality and price of this hoodie at such an affordable price. Would buy again.,1599220626
,8160053,5,,I love the wolf pictures and the color design is a perfect match to one of my favorite shoes.,1599216245
WHITE,8160053,5,XL,True to size. Nice silk like material. Not cotton like most hoodies. Very nice,1591481837
RED,8160053,4,2XL,Great vibrant image. Material very wearable. Runs small-order a size up.,1604972112
TEA GREEN,8160053,5,M,√à arrivata prestissimo e mio figlio √® stato molto contento. La felpa ha un bel colore e gli sta bene. Tessuto ottimo,1604019335
WHITE,8160053,5,M,THIS WEBSITE SCAMMED ME!!,1603674984
YELLOW,8160053,5,XS,Very good,1601967457
RED,8160053,5,M,nice,1601401703
multicolor A,8160053,5,XL,"Was shipped fast. The quality is very good, the texture of the hoodie feels silky, looks more expensive than your normal one. I would recommend buying it. The hoodie feels very nice to wear.",1600306367
RED,8160053,5,L,"Extremely happy with the product, looked exactly like the website and the sizing was true to size",1599872561
WHITE,8160053,5,XL,beautiful,1599709805
RED,8160053,5,XL,Re√ßu √† l'heure,1573112825
WHITE,8160053,5,XL,Re√ßu √† l'heure,1573112751
RED,8160053,5,L,"Received it on time, extremely fast actually. Item fabric is kind of thin but just have to later underneath. Ran a little smaller for me. I'm a taller guy and ordered a large and probably should have got an XL. Love the material and the design though. Will probably make this my daily hoodie.",1573064579
TEA GREEN,8160053,5,M,"The hoodie looks as good in person as it does in the picture on the website!! I ordered a size medium, and it fits really well!! Got one for me and my boyfriend, we both love it!!",1573060639
RED,8160053,5,M,cool,1571967855
WHITE,8160053,5,L,"i was a bit surprised about the material, but application is even better in person. we will see how it holds up after couple of washing. so far, so goodn",1571935504
YELLOW,8160053,5,S,Feels smooth and looks cool. Very pretty image and nice colour utilisation.,1571665723
multicolor A,8160053,5,2XL,"great! feels very comfortable. had to order 2xl to fit length, I'm tall and skinny. I'd order a size larger than normal",1571631898
RED,8160053,5,L,I love it. worn it almost every day since I got it,1579074301
multicolor A,8160053,5,L,muy bonita la sudadera,1577635348
RED,8160053,5,L,"got this for my boyfriend, he loves it,the colours are vibrant and the fabric is comfortable, he doesn't take it off, definitely a perfect birthday present :)",1576183514
WHITE,8160053,5,M,super warm,1574646826
RED,8160053,5,L,"love the fabric, amazing fit and looks fantastic",1609020285
WHITE,8160053,5,L,fits well. thinner then expected though.,1608670953
multicolor A,8160053,5,M,Great size match. The colours are very bright and the hoodie is lovely.,1607171335
WHITE,8160053,5,XL,Very happy with all products will buy from again,1606563900
WHITE,8160053,5,2XL,true sinze,1612623110
WHITE,8160053,5,XL,my bf loves itn i bought a matching red and black one,1611551820
RED,8160053,5,XL,üíò,1611551790
WHITE,8160053,5,M,Bellissima felpa. Arrivata nei tempi previsti e con il classico sacchetto protettivo,1609318565
WHITE,8160053,5,2XL,Nice Received it on time Good quality,1617162290
WHITE,8160053,5,S,Received it on timeCuteNiceSatisfactory Customer ServiceGood qualityThis is a great hoodie. I got it for my husband for Christmas and he loves it. He loves wolves.,1616548440
RED,8160053,5,2XL,My boyfriend absolutely loves this hoodie. it fits him nicely and keeps him warm on cold night.,1615385339
TEA GREEN,8160053,5,XL,"I got this for my boyfriend and he loves it. He's 5'10"" 260 lb if anyone it wondering size wise it fit perfectly.",1614809413
GRAY,8164705,5,M,love this,1616068701
multicolor,8163786,5,XL,NiceCuteReceived it on timeSatisfactory Customer ServiceGood quality,1682483000
BLACK,8164594,5,S,"other than the fact that my order took a month to come in, the hoodie is off nice qualityGood quality",1668636644
multicolor A,8160053,5,XL,Good quality,1619594535
WHITE,8160053,5,L,"Good quality!Got this for my brother, it fit him perfectly. It's a great light weight material he can layer. He loves it!",1619493425
RED,8160053,5,XL,Received it on time Nice,1617947649
RED,8160053,5,XL,Nice,1617813618
WHITE,8160053,5,2XL,Nice,1638064757
WHITE,8160053,5,L,I bought this for my partner and it looks wonderful on him. It's a really good pullover hoodie and it was of such good quality we were both impressed. Material is soft and warm without being too heavy. Suitable for most seasons and low price.,1632931147
multicolor A,8160053,5,S,"Although its in the male section of Dresslily, this sweatshirt has a gorgeous design and I'm complemented by both guy and girl friends alike!",1629852276
WHITE,8160053,5,2XL,Received it on time,1626063999
RED,8160053,5,M,"Nice, it‚Äôs thinner than expected but it‚Äôs okay my partner still loves it and the colours are vibrant and look awesome. My partner always gets asked where he got his jumper from, thank you dress lily",1642460444
TEA GREEN,8160053,5,L,Nice,1641847316
WHITE,8160053,5,XL,Nice,1641847304
PURPLE,8160053,5,XL,NiceReceived it on timeGood quality,1639677942
WHITE,8160053,5,S,"#True to size and fits well##Looks exaclty like the pictures##It's cheap. Well worth shopping##Good quality, great buy!##The fabric feels great#",1664834075
PURPLE,8160053,5,L,"#True to size and fits well##Looks exaclty like the pictures##The fabric feels great##Good quality, great buy!#",1653984459
RED,8160053,5,XL,"#Looks exaclty like the pictures##Good quality, great buy!##The fabric feels great# Bought one for each of my family and we all love them, zero complaints",1653984307
multicolor A,8160053,5,2XL,#Looks exaclty like the pictures#,1648371288
PURPLE,8160053,5,XL,Cute,1621785067
RED,8160053,5,L,Good quality,1621784517
YELLOW,8160053,5,XL,Received it on time Good quality,1621784253
WHITE,8160053,5,S,NiceCuteGood quality,1620853902
multicolor A,8160053,5,L,"Cute, simplismente lindo. Meu marido amou as cores e a qualidade da impress√£o e do tecido",1622937931
YELLOW,8160053,5,XL,Received it on time it was pretty Cute and Good quality. It was for my boyfriend and he seemed to really like it,1622378796
RED,8160053,5,L,Received it on timeGood quality,1622122202
WHITE,8160053,5,2XL,Cute,1621785118
LIGHT GRAY,8170508,5,2XL,I love it. It's a nice lightweight hoodie with breathable material. Great all year round.,1624303088
LIGHT GRAY,8170508,5,L,little small especially if you put it through the wash,1608491685
LIGHT GRAY,8170508,4,L,It is slightly blurry but still fits and looks good,1600572498
ARMY GREEN,8168520,5,L,Received it on time Good quality,1616933457
GRAY,8170833,5,M,This piece was true to size.  Received it on timeNice,1677581810
ARMY GREEN,8170833,5,M,Very nice piece.  Fitted just as expected,1603830980
BLACK,8172601,5,L,Received it on time,1662765819
ASH GRAY,8173758,5,M,Piece is on the larger side. Probably should order a size down,1677582104
ASH GRAY,8173758,5,2XL,Received it on timeSatisfactory Customer ServiceGood quality,1627041191
multicolor,8210057,5,3XL,Got for xmas time quick dry when washed looks good colourful,1656473651
BLACK,8204321,5,2XL,this wasn't true to size at all. fits like a small ordered a 2x,1655479849
BLACK,8204321,5,2XL,"Took a while to come, but looks exactly like pictures, nice material, fits well, bought as a gift, my friend loves it!",1574658408
multicolor,8251089,5,L,"bonne qualit√© de produits, dans l'ensemble c'est correcte,",1587910006
multicolor,8351867,5,S,Love it,1602097666
BLACK,8253098,5,M,"#Good quality, great buy!##True to size and fits well##The fabric feels great##Looks exaclty like the pictures##It's cheap. Well worth shopping##Received the item on time#",1666824273
BLACK,8253098,5,2XL,Don't often find snake on things and skulls i like,1656472821
multicolor,8268271,5,2XL,One half quite red of lion i really like it i often wear it nice pockets,1656473939
multicolor,8268271,4,L,j'aime bien la mati√®re mais c'est asser l√©ger,1589417151
multicolor,8255424,5,M,b√™te de sweat,1587910101
multicolor,8255424,5,2XL,l love this,1584034597
multicolor,8268278,5,L,Good quality. Nice hoodie. my daughter loves it. Nice,1633498248
,8268278,5,,The material is unexpectedly great. My style. I normally wear a M and I'm 150 lbs.,1599887572
multicolor,8270121,5,2XL,Comfy fits well,1617391521
multicolor,8270105,5,XL,Satisfactory Customer ServiceGood quality,1665588195
multicolor,8332569,5,L,"Received it on timeSatisfactory Customer ServiceGood quality, I love the colors and fit this is a really nice sweatshirt.",1627459625
multicolor,8264434,5,M,feels amazing excellent quality print it's great for a gift for winter .,1599347346
BLACK,8264400,5,L,"my son Love's it, very happy with the order, will shop again for sure. Thank you.",1588444547
BLACK,8264400,5,2XL,–û—Ç–ª–∏—á–Ω–æ–µ –∫–∞—á–µ—Å—Ç–≤–æ.–ù–∞ –ï–≤—Ä–æ–ø–µ–π—Å–∫–∏–π L —Å—Ç–æ–∏—Ç –≤–∑—è—Ç—å XL.,1586532933
multicolor,8275775,5,2XL,Great fabric. True to size,1592765664
multicolor,8270112,5,M,#Looks exaclty like the pictures##True to size and fits well#,1668040379
multicolor,8270096,5,2XL,Great fabric. True to size,1592765708
RED,8336511,5,XL,Received it on time. It fits just right so my bf was very happy with it.,1669731053
RED,8336511,5,M,"Cute, really good quality. Fit perfectly",1664030322
WHITE,8339433,5,S,not bad! silky material that could be scratchy if you don't wear s top underneath. but its warm and good for fall :),1598979529
multicolor,8337611,5,2XL,CuteGood quality,1668948611
multicolor,8337611,5,XL,NiceGood quality,1668948603
multicolor,8337604,5,2XL,Good quality. Was a great addition on a cooler night for Halloween. Warm.,1673854522
BLACK,8339439,5,L,I love the material in this sweatshirt as well,1600768640
BLACK,8339791,5,XL,Good qualityReceived it on time even better than i expected,1636993113
BLACK,8339791,5,2XL,"I absolutely love this! It looks just like pictured. I bought this as a gift for my man, but wanna keep it for myself! He wears a XL-2XL normally, but got 3XL (due to measurements.) The material isn't like regular cotton sweater material, it's a smooth polyester sublimated (absorbed in fabric) print. I love the smooth, sporty-like feel to it. I haven't tried it on, nor has the intended recipient. Totes worth the $$$. May need to find my man another sweater now.ü§£",1603520020
multicolor,8341352,5,L,Received it on time my boyfriend loved it he said it was perfect fit and fabric felt soft.,1627971044
BLACK,8230655,5,L,Awesome.,1577795709
BLACK,8230655,5,M,amezing,1577393652
BLACK,8230655,5,L,my son will love  very mid evil urban,1577061380
,8230655,5,,"I absolutely love it. Its a well balanced jacket and just what i was looking for. Its light enough to be worn in warmer weather , with an inner material that provides enough weight and warmth for colder weather.",1574375685
,8230655,5,,This is actually a WELL MADE hoodie cape/jacket. I highly recommend! Material is perfect for colder temps.,1574325127
,8230655,5,,Omg man this is the best oversized hoodie and gothic style cardigan you will ever find its long and it look so cool...,1574268321
BLACK,8453801,5,XL,TNot what I expectedhe ears look a bit larger in person than I'm the photo still a very cute sweater very soft on the inside.,1668930911
multicolor,8345316,5,M,Received it on time Good quality Cute Nice looks better than i imagined,1636993467
multicolor,8345316,5,3XL,Good quality,1621785048
LAVA RED,8347778,5,3XL,great fit and material was thicker and warmer than expected so very pleased,1626512904
CARBON GRAY,8345297,5,M,Nice.  I'm just trying to figure out how to tie the ties on the arms.,1677582169
DARK GRAY,8230655,5,M,It‚Äôs really nice and formed fitting,1578684533
RED WINE,8230655,5,L,"The Hoodie is awesome! It was also true to size, color and material . My boyfriend loves it and put it on right away! Thank you!",1578511205
BLACK,8230655,5,2XL,Super soft inside and fits well with adjustable sizing on the sides. Excellent to see how it holds up,1578455876
DARK GRAY,8230655,5,M,Very happy with the product,1578406066
LIGHT BROWN,8230655,5,S,Very warm,1579931026
DARK GRAY,8230655,5,M,"Size fits good, quality was fine, glad to wear!",1579804402
BLACK,8230655,5,L,"It fits perfectly, feels great and, it's warm. I keep getting asked where I got it and I keep sending them here.",1579278433
ARMY GREEN,8230655,5,M,Very nice and it looks and fits exactly as it should,1578824137
BLACK,8230655,5,L,"It's warm, looks good, a bit too thick for a sunny summer day, but perfect for northern European weather all year around. The only thing that could drag the score down is that the knots might untie and the ends of the laces start to unfold, but easily fixed by just making another knot.",1594559012
DARK GRAY,8230655,5,M,fits nice,1590260979
BLACK,8230655,5,2XL,With a height of 185 and an average build... Perfect!,1580906108
BLACK,8230655,5,S,Love this hoodie in this color!,1579931057
BLACK,8230655,5,L,"Great timing, excellent material, warm, comfortable and was an awesome gift!",1617978630
BLACK,8230655,5,2XL,"Received it on time,  husband pleased with it's quality and size.",1617118915
BLACK,8230655,5,L,nichts zu bem√§ngeln alles top,1614076260
DARK GRAY,8230655,5,XL,Brilliant thank you ! It fits really well.n,1595631056
BLACK,8230655,5,L,"Veste tr√®s confort, qui donne un style presque chevalier. Nous adorons !",1670954060
DARK GRAY,8230655,5,M,Nice,1660233126
BLACK,8230655,5,M,"Very nice..., it looks like a warrior clothe.",1624377753
BLACK,8230655,5,L,Satisfactory Customer Service,1618527697
DARK KHAKI,8348398,5,XL,Good quality fits perfect looks and feels good,1617577838
BLACK,8345299,5,2XL,"Good basic one, the hoodie is removable. love it",1639310889
BLACK,8345299,5,M,Nice. very unique piece,1603830998
LIGHT GRAY,7886633,5,M,Nice.  Very nice.,1677582050
LIGHT GRAY,7886633,5,L,Good fit and comfortablen,1580151976
COLORMIX,2861950,5,M,Absolutely loved it,1586934742
COLORMIX,2861950,5,L,"Really love that shirt,",1580410470
COLORMIX,2861950,5,L,I was very surprised with the quality of this shirt with hoodie will be warm in the winter and it feels good to use it for dress or casual  <br>you will not be let down  with dresslily your purchases are worth every dollar :D,1536105000
multicolor,8349187,5,S,Awesome product! Showed up in good time! Super cute! Fun to wear!,1627267321
NEBULA,8353421,5,XL,"I was very satisfied, size is perfect and colors are bright and everything looks good.",1617590201
GRAPHITE BLACK,8355681,5,XS,Good quality,1668891294
GRAPHITE BLACK,8355681,5,S,Amazing beautiful sweatshirt for Xmas presentFits perfectly,1632776610
BLACK,8357736,5,3XL,Received it on timeCuteNice,1639794314
PURPLE,8357748,5,L,#True to size and fits well##Looks exaclty like the pictures#,1675497693
multicolor,8361380,5,M,can't wait to get this sweatshirt help the colors are as bright as they look,1612435411
WHITE,8357743,5,2XL,#True to size and fits well##The fabric feels great##Looks exaclty like the pictures##Received the item on time# Got this for my husband and he absolutely loves it. Soft material washes up great,1675981717
WHITE,8357743,4,2XL,Comfy and husband likes it!,1628430902
BLACK,8363487,5,M,"#True to size and fits well##Looks exaclty like the pictures##Good quality, great buy!#",1647721329
BLACK,8363487,5,M,my boyfriend seriously loved his hoodie. I'm buying another for my brother in law. n,1609081387
BLACK,8366709,5,L,NiceGood quality,1642048195
BLACK,8366709,5,L,Mein Mann liebt diesen pullover das Material ist sehr angenehmn,1614076127
multicolor,8368084,5,M,"Beautiful. #Received the item on time##True to size and fits well##Looks exaclty like the pictures##It's cheap. Well worth shopping##Good quality, great buy!##The fabric feels great#",1662500486
BLACK,8370311,5,2XL,CuteNiceGood quality,1669613159
LIGHT GRAY,8368088,5,L,NiceSatisfactory Customer ServiceGood quality,1622569832
multicolor,8370356,5,XL,Nice. Bought them for my husband & son. They are true to size.,1677042604
multicolor,8370356,5,L,Cute bought this for my son - he liked it and wears it to school.,1677039936
multicolor,8370940,5,M,lightweight hoodie,1682378966
LIGHT GRAY,8373830,5,L,"Nice, good quality pullover. Hubby loves it! It was received on time. I highly recommend this jumper/sweater; it's do versatile and makes an excellent wardrobe essential for every man!",1636998436
MINT GREEN,7094097,5,2XL,this it's a wonderful shirt.  I wear a women's plus 3x USA size.   the fabric is lightweight & washed/dried well on low.,1622966735
GRAY,4170301,5,XL,he loved this shirt so we ordered another one. great fabric. Good quality,1646756774
GRAY,4170301,5,L,Good quality,1628050923
DARK GRAY,8373807,5,L,"Fantastic pullover! Very soft and comfortable, very warm and totally versatile; it's great for many occasions.My husband loves this. Such a bargain and quickly delivered too. Thank you",1673690802
DARK GRAY,8373807,5,XXL,Good quality,1669399206
multicolor,5293640,5,M,Nice,1562197951
YELLOW,2901388,5,L,Received it on timeNiceCute and fucking hilarious because honestly this sweater is just bananas and i love it,1633650929
multicolor,6372593,5,XL,Good quality,1628050967
multicolor,8470681,5,2XL,CuteReceived it on timeNot what I expectedSatisfactory Customer ServiceGood qualityNice,1677883395
ASH GRAY,3253004,5,M,Awesome hoodie. Thank you very much.,1578187211
WHITE,3253004,5,XL,Looks great,1571004550
RED WINE,3253004,5,3XL,I haven‚Äôt had a chance to wear this but once but everyone loves it. I really love the color.,1550460240
WHITE,3253004,5,L,I love this jacket it's very trim fits like a glove,1540750162
multicolor,8161275,5,M,Produit tr√®s bien fini et de tr√®s bonne qualit√© !!!! Tr√®s bien taill√© et surtout tr√®s esth√©tique j'adore !!!,1601972636
RED WINE,3253004,5,M,NiceCuteReceived it on timeSatisfactory Customer ServiceGood quality,1673710009
RED WINE,3253004,5,3XL,Received it on timeSatisfactory Customer ServiceGood qualityNice,1623520141
RED WINE,3253004,5,L,This looks as described and good in cold water wash.,1619273925
WHITE,3253004,5,L,Nice,1618661282
LIGHT GRAY,7282504,5,L,Received it on timeGood quality,1626669817
WHITE,3253004,5,M,Nice,1540458643
CARBON GRAY,8194653,5,XL,to wapo,1666075042
BLACK,8194653,5,XL,Cute,1629052127
ARMY GREEN,8194653,5,S,"Received it on time. Great quality, with the cloak biut at the bottom it sits just right. so comy tooo",1620474264
BLACK,8194653,5,M,So great and comfy I bought several,1618766565
BLACK,8194653,5,XL,bada*s works well under my red jacket,1575337030
BLACK,8194653,5,S,"Article sympa et original. Achet√© pour un d√©guisement. L√©ger √† porter.  Nice item, bought for a disguise. Light to wear.",1575275449
CARBON GRAY,8194653,5,M,"Fits perfect, very comfortable, and looks frickin sweet. Highly recommend this to anyone who is into the style.",1574732932
MIDNIGHT BLUE,8194653,5,L,Juste perfect! Nice packaging and which is arrived quickly!nI advise this web store and this Gothic hoodie!,1573672791
BLACK,8194653,5,3XL,"very good quality, nice light material so I can wear it for long periods of time without overheating, overall excellent",1572622894
BLACK,8194653,4,S,"I stand just over 6 feet tall with a lean build and this fits perfect, sleeves could be just a tad longer but with arms at my side they fall just before the knuckle of my thumb, with the bottom falling just above my ankles. Comfortable and snug. If intending to wear on a cold night, would recommend thermals underneath.",1571834284
multicolor,8458649,5,L,Comfortable and true to size. Quality print design.,1679734515
BLACK,8194653,5,L,muy chulo llego a tiempo muy r√°pido y tal como sale en la foto muybn todo me encanta jajajajaa,1599131759
MIDNIGHT BLUE,8194653,5,L,surprisingly comfortable.  unsnap neck before trying it on. can't wait to try it at the Renaissance fair,1597891149
MIDNIGHT BLUE,8194653,5,2XL,nice,1592929106
FIREBRICK,8194653,5,L,awesomen,1592929075
GRAY,1726230,5,S,"Looks exactly like the picture, it is very cozy, thick and perfect for a cold winter. I recommand it!",1671015284
GRAY,1726230,5,M,good pruduct,1565857432
BLACK,8194653,5,2XL,"My man hasn't took this off since he got it. Looks amazing on him. Go up a size or two just in case, but it's a bad A looking piece of clothing. If you're into this style.",1573567226
BLACK,8194653,5,L,it fits me perfectly <3 I love it,1573271861
MIDNIGHT BLUE,8194653,5,S,Little bit longer then it said but it fits very nice and is very comfortable I would defiantly recommend this to someone who likes long soft comfortable clothing,1573011098
MIDNIGHT BLUE,8194653,4,3XL,This is a great looking hoodie,1572653370
BLACK,8194653,5,M,The straps on the wrists a pretty flimsy and also made of a very lightweight leather look-alike. Overall an excellent product otherwise!,1587736555
MIDNIGHT BLUE,8194653,5,3XL,husband loves it,1576902133
BLACK,8194653,5,M,Abs√∏lutely L√∏√∏ks G√∏rge√∏us It Fits Perfect & Feels Amazing I Will Put A Picture Up S√∏√∏n nnThank Y√∏u www.dresslily.com,1575946574
MIDNIGHT BLUE,8194653,5,3XL,This hoodie is awesome and it was the right size for American person. I love how it feels plus the delivery time was so fast I love it. Thanks Dresslily.,1575574177
BLACK,3286559,5,M,Super fun print and very comfortable. I wasn't expecting the print to be on the front and the back and the material isn't what I was expecting for a hoodie. I am pleased non the less!,1602557496
BLUE,3253004,5,L,Nice,1616973071
RED WINE,3253004,5,L,Great looking hoodie. had some freys but was given a credit. great CS.,1604426697
BLUE,3253004,5,XL,Great looking hoodie. had some freys but was given a credit. very good CS.,1604426607
WHITE,3253004,5,2XL,Excellent quality and fits very well. Very Happy.,1587781802
multicolor,8462657,5,M,"Received it on time Satisfactory Customer Service Good quality Cute Nice, exactly what I ordered. received on time and fits nicely.",1673709898
BLACK,8194653,5,S,So lovely... love it so much!,1618766541
ARMY GREEN,8194653,5,L,Satisfactory Customer Service,1618527690
MIDNIGHT BLUE,8194653,5,2XL,"I thought that this could have been a mistake, however it was a pleasant surprise.. So pleasant I have now bought 4 :D",1616587350
ARMY GREEN,8194653,5,2XL,little small but will work for wat I got it forn,1615855891
ARMY GREEN,8194653,5,XL,Mein Mann ist begeistert! Etwas lang aber sonst super,1614076244
BLACK,8194653,5,2XL,a little on the small size but well made,1610850395
BLACK,8194653,5,2XL,"Excelente producto, muy recomendable.",1608706617
BLACK,8194653,5,M,I ordered this particular sweater and needless to say my expectations were surpassed. Very neatly packaged and  high quality fabric.,1601482392
multicolor,7784081,5,2XL,"When I first saw this on the website, I liked its design. When it arrived, I was surprised by its material, it is thicker than I expected, so it is perfect for this season. It arrived very fast, via experss shipping. I love how it looks in real life, it is just wonderful. The design is exactly as in the pictures from the website. I am very satisfied with this purchase.",1602327588
